{"version":2,"languages":{"nodejs-npm":{"specfileHash":"c9094ae586bab57e1ac34785fd369669","lockfileHash":"05fe055e5c992df1310c2440dcdc0ced","guessedImports":["react-dom","@vitejs/plugin-react-refresh","styled-components","react-router-dom","react"],"guessedImportsHash":"092499e3793dfde5ab44d574cd0e7e4b"},"nodejs-yarn":{"specfileHash":"36fe129750f9b571f62775768dfd2747","lockfileHash":"8cd20b0f91e5e007eadff22a3178e342","guessedImports":["@vitejs/plugin-react-refresh","react","react-dom"],"guessedImportsHash":"24f6f3418ae857900ebf7b7e00dc4a7b"}}}
